-- Generation time: Mon, 23 Dec 2019 00:28:24 +0000
-- Host: mysql.hostinger.ro
-- DB name: u574849695_25
/*!40030 SET NAMES UTF8 */;
/*!40101 SET @OLD_CHARACTER_SET_CLIENT=@@CHARACTER_SET_CLIENT */;
/*!40101 SET @OLD_CHARACTER_SET_RESULTS=@@CHARACTER_SET_RESULTS */;
/*!40101 SET @OLD_COLLATION_CONNECTION=@@COLLATION_CONNECTION */;
/*!40103 SET @OLD_TIME_ZONE=@@TIME_ZONE */;
/*!40103 SET TIME_ZONE='+00:00' */;
/*!40014 SET @OLD_UNIQUE_CHECKS=@@UNIQUE_CHECKS, UNIQUE_CHECKS=0 */;
/*!40014 SET @OLD_FOREIGN_KEY_CHECKS=@@FOREIGN_KEY_CHECKS, FOREIGN_KEY_CHECKS=0 */;
/*!40101 SET @OLD_SQL_MODE=@@SQL_MODE, SQL_MODE='NO_AUTO_VALUE_ON_ZERO' */;
/*!40111 SET @OLD_SQL_NOTES=@@SQL_NOTES, SQL_NOTES=0 */;

DROP TABLE IF EXISTS `communities`;
CREATE TABLE `communities` (
  `id` bigint(20) unsigned NOT NULL AUTO_INCREMENT,
  `name` varchar(150) COLLATE utf8_unicode_ci DEFAULT NULL,
  PRIMARY KEY (`id`),
  KEY `communities_name_idx` (`name`)
) ENGINE=InnoDB AUTO_INCREMENT=51 DEFAULT CHARSET=utf8 COLLATE=utf8_unicode_ci;

INSERT INTO `communities` VALUES ('26','a'),
('19','accusamus'),
('38','aliquid'),
('15','aut'),
('7','consequatur'),
('20','consequatur'),
('43','consequatur'),
('3','consequuntur'),
('17','delectus'),
('4','deleniti'),
('25','dolorem'),
('33','dolorem'),
('42','dolorem'),
('27','doloremque'),
('1','ea'),
('49','eaque'),
('21','et'),
('28','et'),
('34','et'),
('22','expedita'),
('16','facilis'),
('40','facilis'),
('30','fugiat'),
('23','illo'),
('37','in'),
('32','ipsam'),
('39','ipsam'),
('24','maxime'),
('46','mollitia'),
('47','nemo'),
('45','neque'),
('8','non'),
('11','non'),
('41','nostrum'),
('48','nulla'),
('31','officia'),
('50','omnis'),
('12','perferendis'),
('14','perspiciatis'),
('10','porro'),
('36','quia'),
('35','repellendus'),
('29','sed'),
('44','similique'),
('13','sit'),
('18','suscipit'),
('6','tempora'),
('2','ut'),
('5','voluptas'),
('9','voluptatem'); 


DROP TABLE IF EXISTS `friend_requests`;
CREATE TABLE `friend_requests` (
  `initiator_user_id` bigint(20) unsigned NOT NULL,
  `target_user_id` bigint(20) unsigned NOT NULL,
  `status` enum('requested','approved','unfriended','declined') COLLATE utf8_unicode_ci DEFAULT NULL,
  `requested_at` datetime DEFAULT current_timestamp(),
  `confirmed_at` datetime DEFAULT NULL,
  PRIMARY KEY (`initiator_user_id`,`target_user_id`),
  KEY `initiator_user_id` (`initiator_user_id`),
  KEY `target_user_id` (`target_user_id`),
  CONSTRAINT `friend_requests_ibfk_1` FOREIGN KEY (`initiator_user_id`) REFERENCES `users` (`id`),
  CONSTRAINT `friend_requests_ibfk_2` FOREIGN KEY (`target_user_id`) REFERENCES `users` (`id`)
) ENGINE=InnoDB DEFAULT CHARSET=utf8 COLLATE=utf8_unicode_ci;

INSERT INTO `friend_requests` VALUES ('1','1','approved','1972-07-19 05:12:06','1991-04-17 17:34:31'),
('2','2','declined','2007-06-09 17:53:45','1971-11-12 19:33:20'),
('3','3','approved','2001-03-17 13:48:44','2018-10-26 15:48:16'),
('4','4','unfriended','1971-05-17 23:32:02','1985-02-15 15:55:43'),
('5','5','declined','1971-09-17 11:04:19','1986-12-13 01:16:33'),
('6','6','declined','1988-03-15 01:57:47','2013-07-01 20:48:57'),
('7','7','approved','1990-01-02 09:35:49','1987-04-15 14:11:26'),
('8','8','unfriended','1983-06-05 16:39:06','1985-03-04 00:45:08'),
('9','9','approved','2001-06-29 02:17:06','1978-04-09 07:39:46'),
('10','10','approved','2001-05-18 08:24:42','1977-07-17 03:54:50'),
('11','11','requested','1992-05-15 01:40:25','1991-04-03 12:31:43'),
('12','12','approved','1999-03-01 08:18:42','2012-08-20 14:19:58'); 


DROP TABLE IF EXISTS `likes`;
CREATE TABLE `likes` (
  `id` bigint(20) unsigned NOT NULL AUTO_INCREMENT,
  `user_id` bigint(20) unsigned NOT NULL,
  `media_id` bigint(20) unsigned NOT NULL,
  `created_at` datetime DEFAULT current_timestamp(),
  PRIMARY KEY (`id`)
) ENGINE=InnoDB AUTO_INCREMENT=11 DEFAULT CHARSET=utf8 COLLATE=utf8_unicode_ci;

INSERT INTO `likes` VALUES ('1','1','1','2003-01-17 23:07:52'),
('2','2','2','1979-01-23 12:50:58'),
('3','3','3','2001-05-09 04:24:20'),
('4','4','4','1999-11-04 11:54:23'),
('5','5','5','1997-09-28 01:56:24'),
('6','6','6','2013-10-10 22:23:35'),
('7','7','7','1971-04-23 20:55:46'),
('8','8','8','2008-07-04 01:23:44'),
('9','9','9','1981-08-01 21:18:07'),
('10','10','10','1993-12-22 05:23:43'); 


DROP TABLE IF EXISTS `media`;
CREATE TABLE `media` (
  `id` bigint(20) unsigned NOT NULL AUTO_INCREMENT,
  `media_type_id` bigint(20) unsigned NOT NULL,
  `user_id` bigint(20) unsigned NOT NULL,
  `body` text COLLATE utf8_unicode_ci DEFAULT NULL,
  `filename` varchar(255) COLLATE utf8_unicode_ci DEFAULT NULL,
  `size` int(11) DEFAULT NULL,
  `metadata` longtext CHARACTER SET utf8mb4 COLLATE utf8mb4_bin DEFAULT NULL,
  `created_at` datetime DEFAULT current_timestamp(),
  `updated_at` datetime DEFAULT current_timestamp() ON UPDATE current_timestamp(),
  PRIMARY KEY (`id`),
  KEY `user_id` (`user_id`),
  KEY `media_type_id` (`media_type_id`),
  CONSTRAINT `media_ibfk_1` FOREIGN KEY (`user_id`) REFERENCES `users` (`id`),
  CONSTRAINT `media_ibfk_2` FOREIGN KEY (`media_type_id`) REFERENCES `media_types` (`id`)
) ENGINE=InnoDB AUTO_INCREMENT=31 DEFAULT CHARSET=utf8 COLLATE=utf8_unicode_ci;

INSERT INTO `media` VALUES ('1','1','1','Illo est facilis consequatur et possimus corrupti. Est et et officia totam doloribus accusamus. Velit itaque dolorem accusantium qui qui.','natus','733',NULL,'1992-08-02 18:24:42','1997-07-07 20:02:50'),
('2','2','2','Et aliquam quis in et iusto in. Dignissimos odit fugiat sunt voluptas magni sapiente. Placeat minus quisquam repudiandae similique qui facilis quis.','est','6116',NULL,'2007-09-18 18:53:26','1995-01-06 15:26:57'),
('3','3','3','Repudiandae rem qui soluta in sunt debitis a. Consectetur tempore unde omnis repellat omnis dolor. Culpa impedit ipsam aperiam qui. Laboriosam tempora eum itaque nemo aspernatur quo. Eos ut accusamus totam est voluptatem atque qui vero.','voluptatibus','77715047',NULL,'1994-04-22 04:42:17','1999-12-20 15:17:14'),
('4','4','4','Qui ullam magnam repellat iusto consequatur qui ipsam explicabo. Rerum quis officia ut qui nostrum expedita. Debitis expedita placeat at aliquid debitis quas. Nesciunt tempora animi ipsam.','voluptatibus','0',NULL,'2016-06-19 04:24:02','1980-06-03 10:48:01'),
('5','5','5','Provident accusantium voluptatum illum voluptates ut officiis vero. Eligendi aut vitae earum fuga voluptas asperiores aut. Asperiores possimus qui libero porro reprehenderit. Cum assumenda voluptas et soluta voluptatem vel.','sint','93482',NULL,'1971-03-22 23:53:05','1976-12-03 18:10:58'),
('6','1','6','Aut non magni occaecati ut laudantium porro impedit. Est modi ex laborum sunt tempore. Velit quod accusamus dolorum molestiae tempore. Id quia pariatur soluta optio et quis.','quos','324',NULL,'1993-10-01 06:19:55','1971-04-19 21:18:41'),
('7','2','7','Repellendus minus excepturi repellat accusamus ullam sed recusandae. Nesciunt occaecati vero veritatis. Quo natus quas iusto voluptas velit maxime. Quaerat dolores voluptas aspernatur ipsa dolores in iusto.','quam','64653',NULL,'1974-04-24 04:53:09','2013-08-20 19:18:50'),
('8','3','8','Recusandae rem itaque eaque soluta rerum sit. Beatae est nihil ea incidunt omnis numquam quidem. Magnam consectetur dignissimos natus eligendi qui. Et dignissimos et consequuntur odit corrupti quae quibusdam.','molestiae','455535400',NULL,'1991-12-05 14:41:10','2001-10-08 23:51:14'),
('9','4','9','A rerum autem reprehenderit quibusdam sint. Quisquam aliquid sunt cum voluptate. Illum quo ipsa nihil.','ut','6',NULL,'2013-11-27 06:05:05','1981-07-25 16:17:38'),
('10','5','10','Dolorem maxime possimus perferendis ut qui. Optio tenetur est illum incidunt ut rerum rem. Impedit eos facere dolor nihil nostrum sint. Sint nisi qui ea doloribus blanditiis cum.','tempora','3070',NULL,'1989-01-20 22:24:02','2009-12-04 05:03:34'),
('11','1','11','Blanditiis neque voluptatem atque aspernatur. Voluptatibus molestiae dolores rerum voluptas necessitatibus recusandae. Modi sint incidunt suscipit.','unde','41350227',NULL,'2009-03-26 22:36:55','1976-08-01 16:05:54'),
('12','2','12','Enim quo suscipit ea. Eaque porro officiis iure optio qui magni enim. Sunt eveniet reprehenderit iste soluta inventore corrupti.','est','155',NULL,'2005-10-09 02:27:05','2018-02-28 14:28:51'),
('13','3','13','Velit laboriosam quo itaque atque saepe non. Velit incidunt pariatur molestias cumque et.','qui','6532679',NULL,'2011-10-31 01:22:46','2010-02-02 15:35:58'),
('14','4','14','Molestiae excepturi quia illo quia est. Aspernatur provident repellendus consequatur consequatur et omnis ut tempore. Asperiores dignissimos tempore tempora aut doloribus cumque incidunt.','consequuntur','8835',NULL,'1979-09-09 01:47:06','1973-06-10 14:24:47'),
('15','5','15','Rerum quia assumenda fuga excepturi id sequi sed. Aut ipsa omnis quibusdam deleniti commodi vero sed. Exercitationem qui illum debitis voluptatem reprehenderit illo omnis.','vitae','606644',NULL,'1997-05-21 00:41:43','2011-10-31 10:27:51'),
('16','1','16','Aut amet cumque officia vel quae nisi quam. Sit pariatur ea omnis voluptate voluptatem tenetur voluptas. Numquam ea fugiat sunt dolorum omnis exercitationem labore. Quae quaerat quasi blanditiis.','excepturi','441030193',NULL,'1982-03-26 09:25:11','2011-04-08 19:54:40'),
('17','2','17','Qui architecto vel sit qui qui neque consectetur mollitia. Quo eum vel ut maiores quisquam enim. Eligendi consequuntur voluptate quia harum quisquam ut.','dolorem','5446937',NULL,'1986-02-12 21:42:52','1996-06-04 10:10:39'),
('18','3','18','Molestiae sint vero autem et non. Iure earum rerum quidem consequatur minima rerum. Rerum omnis quia velit eligendi. Quis et quidem est sunt qui modi.','consequatur','6',NULL,'2014-07-22 07:58:00','1989-07-15 23:55:56'),
('19','4','19','Aspernatur dolorum placeat voluptatem et sapiente. Eos autem autem omnis molestiae eius perspiciatis. Recusandae molestiae hic qui eius omnis assumenda. Cumque et doloribus tempore.','itaque','95736952',NULL,'1984-09-28 22:39:54','2012-01-09 03:53:48'),
('20','5','20','Consequuntur perferendis quas cupiditate qui eaque voluptate. Non rerum minus facere odit omnis repellendus velit aut.','omnis','8',NULL,'1977-10-19 07:58:35','1995-01-28 17:56:18'),
('21','1','21','Vitae ab nihil cupiditate et cumque. Quia quia impedit error voluptates. Labore libero velit alias tempore animi et dolorum.','aut','811654',NULL,'2001-07-27 01:23:35','2008-08-11 11:18:51'),
('22','2','22','Aliquam in cupiditate eos est. Consectetur voluptatem culpa aut aut nulla sed. Perspiciatis aut assumenda ea molestiae. Voluptatem vero et distinctio sint animi.','rerum','4855507',NULL,'2004-08-21 08:44:26','1998-07-03 13:47:16'),
('23','3','23','Sit ea est dicta. Pariatur consequatur explicabo facilis illum dolor nesciunt. Hic mollitia amet alias ut eveniet quia sit. Ad nam doloribus provident ut vitae.','sunt','81942',NULL,'2007-10-21 14:14:11','1973-02-24 01:47:15'),
('24','4','24','Maxime odit voluptatem non sequi et sit illum voluptatem. Libero ipsum quia dignissimos excepturi sequi ducimus laborum. Quas nam cupiditate laboriosam atque vel quia. Qui assumenda aut officiis minima perspiciatis culpa.','consequatur','9594683',NULL,'2011-02-28 08:35:09','2003-03-19 06:35:42'),
('25','5','25','Quas dolores sit consectetur nobis error. Quo ut molestiae eius nihil neque non eum accusantium. Eum nihil nesciunt nostrum sunt ea voluptatibus dolor.','beatae','80',NULL,'1977-07-12 09:28:11','1973-08-15 01:47:39'),
('26','1','26','Rerum ipsa eum qui. Sed tempore id sunt sint. Consequuntur incidunt et accusantium. Natus quasi aut corrupti.','et','71157',NULL,'1971-12-01 06:48:21','1985-04-12 02:44:46'),
('27','2','27','Dolor et sed tempore vel magni. Dignissimos rerum in rerum ea. Beatae voluptatem tenetur veritatis qui molestiae deleniti. Et amet delectus sit optio.','ipsam','5519350',NULL,'2005-03-13 23:38:16','1999-05-01 22:21:30'),
('28','3','28','Corporis molestias saepe quae fugiat. Quaerat assumenda nam quia ipsa ut quidem sit beatae. Molestiae doloribus et molestiae tenetur. Officia accusamus deserunt at maxime.','est','0',NULL,'1980-01-20 17:01:28','1986-11-21 10:45:33'),
('29','4','29','Voluptatem necessitatibus qui perspiciatis maiores provident repudiandae similique. Placeat dolor rerum vel illum. Delectus unde nostrum eum. Aut suscipit eveniet quibusdam laborum.','excepturi','531291',NULL,'1984-07-06 00:04:17','1995-11-24 06:05:52'),
('30','5','30','Omnis qui at quia sit voluptates velit illum. Et vitae ipsa cupiditate quo eos. Qui est unde autem dolore. Quidem fugit quidem voluptates est voluptas suscipit vitae dolores.','et','254738686',NULL,'1996-12-07 02:22:46','2015-10-24 12:15:43'); 


DROP TABLE IF EXISTS `media_types`;
CREATE TABLE `media_types` (
  `id` bigint(20) unsigned NOT NULL AUTO_INCREMENT,
  `name` varchar(255) COLLATE utf8_unicode_ci DEFAULT NULL,
  `created_at` datetime DEFAULT current_timestamp(),
  `updated_at` datetime DEFAULT current_timestamp() ON UPDATE current_timestamp(),
  PRIMARY KEY (`id`)
) ENGINE=InnoDB AUTO_INCREMENT=6 DEFAULT CHARSET=utf8 COLLATE=utf8_unicode_ci;

INSERT INTO `media_types` VALUES ('1','vitae','1972-10-08 12:07:21','1995-04-16 13:32:43'),
('2','corporis','2004-12-03 07:09:16','1990-02-08 04:03:15'),
('3','ipsa','2002-01-12 12:36:51','1984-10-11 20:53:16'),
('4','veniam','1990-12-23 17:27:18','1979-05-12 19:55:31'),
('5','id','2003-02-20 07:56:13','2017-04-30 16:32:14'); 


DROP TABLE IF EXISTS `messages`;
CREATE TABLE `messages` (
  `id` bigint(20) unsigned NOT NULL AUTO_INCREMENT,
  `from_user_id` bigint(20) unsigned NOT NULL,
  `to_user_id` bigint(20) unsigned NOT NULL,
  `body` text COLLATE utf8_unicode_ci DEFAULT NULL,
  `created_at` datetime DEFAULT current_timestamp(),
  PRIMARY KEY (`id`),
  KEY `messages_from_user_id` (`from_user_id`),
  KEY `messages_to_user_id` (`to_user_id`),
  CONSTRAINT `messages_ibfk_1` FOREIGN KEY (`from_user_id`) REFERENCES `users` (`id`),
  CONSTRAINT `messages_ibfk_2` FOREIGN KEY (`to_user_id`) REFERENCES `users` (`id`)
) ENGINE=InnoDB AUTO_INCREMENT=101 DEFAULT CHARSET=utf8 COLLATE=utf8_unicode_ci;

INSERT INTO `messages` VALUES ('1','1','1','Ut assumenda id harum ut numquam reiciendis qui quis. Nam maiores dolore consequatur est voluptatem sed incidunt quasi. Distinctio possimus animi quia consequuntur autem animi dolor. Alias quaerat omnis cumque molestiae quis aperiam.','1976-07-20 23:04:05'),
('2','2','2','Tempore iste ea in qui aliquid. Molestias occaecati possimus nesciunt omnis earum voluptatem. Est et itaque quis sed magni corrupti cumque.','1977-05-08 21:01:54'),
('3','3','3','Similique voluptas maiores nam culpa totam. Optio expedita quaerat ut quo. Eos tempora iure aut et.','1971-06-22 00:35:53'),
('4','4','4','Velit voluptatem alias tempora quia. Eveniet enim qui accusamus nulla. Ut veniam et in doloribus temporibus dolor.','1982-05-11 11:46:17'),
('5','5','5','Maiores consectetur porro neque unde officiis dolore. Earum consequatur consequatur facere rerum.','2001-09-26 02:08:19'),
('6','6','6','Quia iste ratione ipsam autem iste. Maxime velit hic tempora sunt.','1985-11-18 13:15:23'),
('7','7','7','Et eum sed asperiores praesentium qui qui. Provident delectus perferendis nam quasi. Est doloremque iste praesentium ut. Molestiae praesentium est et soluta mollitia tempora.','1990-05-15 03:35:20'),
('8','8','8','Enim culpa aut voluptas et provident et. Deleniti omnis in et dolorem eaque. Possimus recusandae quisquam atque voluptatem mollitia aut vel.','2008-06-03 06:25:16'),
('9','9','9','Est voluptatem numquam minima iste odio ea quod. Sed quibusdam reprehenderit et ut libero. Voluptatem rerum possimus minima alias.','1974-01-07 22:13:17'),
('10','10','10','Reiciendis iure maxime veniam. Ipsum voluptas laborum aut voluptatem.','1985-10-12 03:52:40'),
('11','11','11','Enim harum labore dolor est quia et. Maiores et atque sed saepe corrupti. Saepe vero in iusto et voluptatem.','1984-05-11 02:27:38'),
('12','12','12','Qui qui dolore itaque reiciendis deleniti. Consequatur in eaque qui in qui vel suscipit doloribus. Odio impedit voluptas aut numquam in voluptatem eum. Officiis ut et alias voluptate.','1972-04-30 04:52:37'),
('13','13','13','Molestias nihil est autem est ex dolor est. Ut totam voluptas quos labore expedita optio enim. Veniam aut excepturi deleniti ut et optio voluptatem.','2003-11-28 18:47:45'),
('14','14','14','Cumque similique soluta harum alias. Qui qui suscipit veritatis et ea.','2004-01-07 14:37:04'),
('15','15','15','Sed omnis vero eum sit fugiat. Et impedit voluptate ea ut amet magni nulla. Consequatur reiciendis sunt fugiat porro non. Corporis sed architecto rerum voluptatum amet a et saepe.','2005-05-21 10:05:25'),
('16','16','16','Occaecati rerum exercitationem cupiditate a. Delectus perferendis perspiciatis sit numquam distinctio laudantium omnis. Fugiat praesentium voluptas illo delectus voluptatem. Quae sint quia sint incidunt consectetur autem est.','1992-03-26 04:18:45'),
('17','17','17','Dolorum ipsam est et qui ullam sit odit. Reiciendis et in delectus eaque error fugit. Quo deserunt sapiente eos quo necessitatibus rerum rerum.','2017-03-12 07:19:50'),
('18','18','18','Sit architecto sed eos occaecati et. Aspernatur aut pariatur mollitia omnis. Quaerat modi qui facilis consequatur sed. Qui optio recusandae odit eius aliquid et. Beatae neque eveniet minima repellat est.','2006-02-20 21:35:35'),
('19','19','19','Sed rerum odio aspernatur veniam dicta laudantium. Consequatur incidunt ut impedit libero et. Reiciendis odio accusamus ut repellat sit quaerat.','2004-10-21 15:30:52'),
('20','20','20','Rerum adipisci consequatur id saepe necessitatibus occaecati eius tempore. Omnis dolorem ex consequatur incidunt. Nihil rerum distinctio fuga soluta voluptas alias recusandae. Possimus autem autem porro quae.','1977-01-03 22:56:06'),
('21','21','21','Et ipsam repellat optio vel est dolore eos. Illo architecto provident qui dolor ut qui dolores. Sunt aliquid suscipit laborum quidem quia minus.','1998-08-24 18:12:45'),
('22','22','22','Qui aut nesciunt autem esse ipsam perferendis. Voluptatem aliquam ut est molestiae ad ipsum. Fugiat rerum tempora enim est rem adipisci.','2009-10-31 09:47:30'),
('23','23','23','Et odio iste velit ad nemo quo commodi. Consequatur quia nisi aut. Atque unde unde voluptatem ea totam. Voluptate voluptatibus ad deleniti omnis.','1982-03-03 20:01:20'),
('24','24','24','Est consequatur sit et est voluptates sunt fugit. Quia voluptate rem laborum dolor commodi et. Et et sint unde. Possimus aperiam velit qui dolorem aut.','2006-05-24 10:49:10'),
('25','25','25','Sed consequatur ex qui non possimus veritatis praesentium. Nostrum quia aut beatae. Pariatur qui vel ipsum ullam. Ut ratione alias aut fuga aut.','1981-05-22 14:07:16'),
('26','26','26','Sint facilis veritatis et. Est molestiae cum quaerat enim. Occaecati aut nostrum magnam numquam.','2014-01-22 11:54:11'),
('27','27','27','Neque aut beatae sapiente dolores id maiores quod placeat. Aut ut id et accusantium. Accusantium eaque in consequatur adipisci quam et. Sit non quam voluptatum et architecto.','1979-04-26 01:27:01'),
('28','28','28','Officiis possimus illum molestiae impedit quod aspernatur. Nihil suscipit vitae saepe ad possimus aut omnis. Nulla qui voluptatem autem reprehenderit quis est ipsum quas. Et natus sint enim dolores quas odit eos deleniti.','1975-08-15 17:18:52'),
('29','29','29','Qui laborum unde porro quam sapiente veritatis. Libero cumque tenetur nobis officiis vel architecto tempora. Deleniti reprehenderit dolore consectetur aut sint.','1986-05-15 13:18:02'),
('30','30','30','Qui distinctio ea eos ut enim nemo. Error vel dolorum soluta et. Architecto sapiente expedita eum a.','1970-09-08 14:48:43'),
('31','31','31','Quam non dolores temporibus nulla aspernatur dolorum et. Nobis qui est cupiditate nam. Cumque labore et repellat voluptatem cumque occaecati occaecati consequuntur. Similique debitis blanditiis qui omnis.','1976-06-29 11:16:46'),
('32','32','32','Adipisci eius deserunt eaque et ad. Et labore rerum sed necessitatibus error. Laborum nisi omnis iste. Veritatis et natus eius eveniet aspernatur sint. Et vel qui et qui neque deserunt.','1975-12-02 15:35:57'),
('33','33','33','Eos incidunt cum mollitia maiores tenetur fugit repellendus similique. Autem alias omnis magnam aspernatur quod doloremque. Cupiditate a quasi ut totam et consequatur eum.','2014-09-06 16:03:33'),
('34','34','34','Labore fugit et fuga labore et officia id. Nobis blanditiis possimus est. Voluptas itaque neque quibusdam vero blanditiis id cumque.','1999-01-19 08:52:45'),
('35','35','35','Id et accusantium temporibus aut ipsum. Recusandae reiciendis molestiae harum sed. Quasi hic temporibus a sed.','1991-05-06 23:38:11'),
('36','36','36','Perspiciatis sit quasi nulla. Voluptatum possimus et pariatur velit quo sunt aut. Aut officia iusto eos alias odit consequatur sit praesentium.','2011-07-03 05:12:54'),
('37','37','37','Ipsa nihil suscipit accusantium placeat. Necessitatibus repellendus reiciendis velit asperiores nihil voluptas sunt. Et qui provident totam est.','2017-11-26 22:39:02'),
('38','38','38','Sunt eveniet odit cumque dolor recusandae. Laborum quia nesciunt dolores alias sit veritatis quisquam. Voluptatem libero nostrum qui at corrupti inventore molestias. Dolores ex id consectetur earum. Qui dolorem et ex dolores officiis.','2001-12-27 10:32:28'),
('39','39','39','Enim velit et suscipit voluptatem delectus deleniti quam. Quia doloremque non laborum sit qui odio. Explicabo quia sint dolor iste hic ipsam est. Quia beatae porro voluptate quasi ut voluptas alias in.','1979-03-29 06:20:14'),
('40','40','40','Voluptatem minus est minima nihil ex mollitia qui et. Doloribus harum impedit repellendus quibusdam voluptatem dolorem. Non natus maiores dolorem eum repudiandae consectetur qui.','1973-08-16 08:04:14'),
('41','41','41','Voluptas voluptas nam tempore cum qui et. Qui quae eos culpa enim consequatur et. Magnam provident ducimus rerum quia minus omnis. Dicta debitis incidunt a voluptatem.','1980-04-14 07:54:11'),
('42','42','42','Reprehenderit amet aut explicabo. Iure tenetur expedita porro quas veniam ipsum voluptatem. Sit sunt est expedita autem.','1970-06-20 20:48:38'),
('43','43','43','Recusandae rerum occaecati est deleniti qui nulla mollitia iure. In est atque beatae omnis. Dolores necessitatibus saepe omnis commodi rem dolor incidunt et. Dolorem neque quia ipsum aliquid consequuntur sit.','2008-02-14 01:58:32'),
('44','44','44','Voluptatem voluptatem debitis magni voluptatum. Aut minus et ratione harum. Cupiditate est quia est tempore placeat dolorum. Vero quidem omnis doloribus dolorum itaque et.','1997-02-11 16:03:09'),
('45','45','45','Qui at molestias eius unde reprehenderit ut. Eos iure quo velit ut. In architecto consequatur ea voluptas qui aut. Repellat ad et odit.','2011-10-25 17:23:39'),
('46','46','46','Molestias quo minus facilis temporibus aut id. Id neque sint est et. Aliquam rem commodi est beatae.','1999-06-18 09:49:29'),
('47','47','47','Nobis illo molestiae in dolor sunt doloremque. Laboriosam ut natus ut saepe asperiores ea aut. Sint suscipit eum et eligendi.','1981-02-04 17:13:37'),
('48','48','48','Quasi vel sint voluptatem sint. Ea autem aut nulla ipsam recusandae eaque dolore. Repellendus quam ut placeat tenetur possimus tempore. Et ipsam voluptates in doloribus.','1973-05-29 09:59:39'),
('49','49','49','Nobis ex molestiae sed quo aut nostrum numquam laboriosam. Enim id non tenetur enim. Maxime quod est aspernatur dolore aliquid. Quibusdam fugit tempore odio praesentium.','1970-04-07 16:45:07'),
('50','50','50','Magni qui reprehenderit voluptatum veniam est a. Id quisquam dolores perspiciatis velit. Omnis animi sint explicabo ipsa beatae animi. Temporibus atque reprehenderit aut libero.','1993-03-17 12:02:52'),
('51','51','51','Dolor hic placeat esse ea nisi. Sit maiores eum dolores doloribus quis. Eveniet atque consectetur nihil sit ut et voluptatem culpa.','2014-02-20 00:59:54'),
('52','52','52','Sed consequatur vero dolorem numquam sit. Aut distinctio ut minus aut esse minus. Et ea in quia eveniet impedit. Autem ad enim atque aliquid nesciunt. Similique laboriosam maiores repellat dolore ut.','1983-11-09 15:22:22'),
('53','53','53','Enim velit ea tempore omnis dolor consequatur. Tempora ipsam officiis quam natus voluptatum qui harum. Hic non et placeat.','1992-04-06 21:12:22'),
('54','54','54','Ut reiciendis dolores sint magni eveniet culpa suscipit. Quia culpa velit sunt voluptatem. Quia inventore enim animi quia. Dolores est rerum incidunt dolores est non fuga.','1983-04-03 18:32:35'),
('55','55','55','Iusto ad dicta et harum veritatis non vero. Velit voluptatibus enim aliquid et qui alias et fuga. Quod vel consequatur animi sed. Corporis in ratione quo odio nesciunt enim occaecati.','2016-12-23 20:10:42'),
('56','56','56','Consequatur repellat vel consequatur libero sequi. At voluptatem explicabo non accusantium pariatur tempora. Perspiciatis nam assumenda sunt quasi error quae id. Distinctio nisi saepe dolor eum perferendis.','1992-12-03 11:10:09'),
('57','57','57','At provident dolores ut consequatur sint voluptas voluptatem. Ad vel vel repudiandae velit. Qui quo ipsum omnis delectus.','1979-10-06 20:45:23'),
('58','58','58','Perspiciatis ipsa corrupti sint soluta provident. Alias necessitatibus amet sunt officia. Laborum et blanditiis autem odit distinctio quis. Iusto repellendus ullam molestias quis eveniet hic in. Quia repudiandae nobis necessitatibus repellat sunt ipsam.','1978-11-26 08:18:26'),
('59','59','59','Maxime mollitia ab ipsum nihil quasi officia. Aut fugit asperiores quis et. Delectus modi quo et ut.','2013-04-13 16:43:23'),
('60','60','60','Placeat eum enim incidunt et dolorem velit. Veniam nostrum quasi et velit qui odio. Eum molestiae delectus iure accusamus. Distinctio molestiae eius labore fuga.','1993-03-23 11:42:04'),
('61','61','61','Laborum nisi consequatur occaecati debitis distinctio necessitatibus deserunt. Eum possimus amet fuga incidunt repellendus. Ipsa quidem hic voluptates quae.','2000-01-08 08:29:11'),
('62','62','62','Voluptas sit ab est qui eos blanditiis. Ut ut culpa modi corporis. Dolorum adipisci est facilis provident. Nam nulla maiores mollitia tempora provident omnis id.','1979-11-07 12:52:01'),
('63','63','63','Ab id earum tenetur nihil iure. Non fugit inventore dolore quasi blanditiis sit esse. Ea consectetur quas ipsum sit maxime neque eos.','1975-10-28 02:29:56'),
('64','64','64','Eum non ut commodi. Praesentium recusandae est commodi quas saepe eaque. Cupiditate excepturi dignissimos fugiat perferendis. Vero maxime et eos sit cumque quo qui.','2008-03-16 12:00:20'),
('65','65','65','Delectus explicabo totam qui est. Corrupti quo est eius aut.','2007-06-22 23:09:58'),
('66','66','66','Nihil in velit vel tempore. Dolorem culpa itaque neque hic labore minima. Consequatur laudantium atque et omnis dolores reprehenderit pariatur.','1971-03-03 11:12:51'),
('67','67','67','Et aut illo vel odit excepturi. Dolores officiis at quod quaerat est numquam et. Explicabo minima incidunt delectus exercitationem odio exercitationem maxime. Dolorem eligendi quas expedita tempore.','1987-04-05 18:44:52'),
('68','68','68','Eveniet et porro sunt voluptas commodi suscipit. Id est et qui aliquid nesciunt quod.','2014-04-26 20:27:14'),
('69','69','69','Est et et voluptas expedita odio voluptatum deserunt et. Voluptas eum itaque a sit quis. Vitae aliquid distinctio voluptas.','2003-07-22 20:27:25'),
('70','70','70','Voluptas commodi non dolor. Eaque nihil placeat ut a dolores. Dolor accusantium nihil voluptatibus omnis cupiditate officia inventore.','1972-11-13 18:13:55'),
('71','71','71','Quis aut ducimus ab. Odit dolor ut perferendis velit. Veniam et nesciunt qui vitae non architecto velit quisquam. Laudantium culpa et animi exercitationem.','1973-03-29 23:31:22'),
('72','72','72','Ea voluptatem quod consequatur esse illum voluptatem. Sit ab rem reprehenderit dolorum. Et adipisci rem velit delectus earum harum veritatis. Quibusdam quia voluptatem in animi.','2003-10-23 20:08:54'),
('73','73','73','Autem est nihil commodi dicta laudantium. Aliquam tenetur voluptatibus et sunt vitae perspiciatis. Id possimus placeat quas iure.','1979-07-18 04:40:30'),
('74','74','74','Illo facilis repudiandae est qui. Explicabo quaerat iste in nobis voluptate omnis sint. Fuga cumque reiciendis dolorem autem nihil quia vero.','2006-11-24 19:51:53'),
('75','75','75','Temporibus non voluptas ut impedit. Soluta qui explicabo omnis. Architecto repellendus aut modi eius mollitia.','1992-03-11 11:50:50'),
('76','76','76','Quas distinctio id officiis commodi eaque. Eligendi rem sit quis suscipit perspiciatis omnis. Odio vero ipsam alias qui ratione. Eius nisi eius et enim voluptatem tempore laborum.','2008-07-19 14:35:48'),
('77','77','77','Quae at magnam qui ut dolore itaque accusamus. Beatae est atque est et adipisci magnam vitae. Quo unde ut voluptatem impedit pariatur quia. Quia architecto ratione error nesciunt perspiciatis non. Vel perferendis necessitatibus itaque facilis sit rerum nam.','1973-09-27 00:07:18'),
('78','78','78','Velit amet voluptatum culpa quaerat et. Suscipit ipsa alias rerum rerum quo distinctio ut eveniet. Delectus quas et aliquid laboriosam qui quae aliquid. Ipsam rerum doloribus officia in ducimus.','2002-05-11 20:23:49'),
('79','79','79','Ipsa adipisci fugit debitis ut. Enim labore voluptatem est modi cum porro. Ea esse est exercitationem. Nisi et ut explicabo adipisci est dignissimos incidunt consectetur.','1995-07-26 08:11:22'),
('80','80','80','Doloribus reprehenderit aspernatur odio in sint error quam. Dolores sit qui ullam accusantium deleniti fugiat possimus. Ipsa magnam nemo reiciendis occaecati laborum consequatur vel.','1990-09-09 20:55:45'),
('81','81','81','Sequi non sed ea maiores. Molestias accusantium iusto veniam inventore. Aspernatur vitae voluptatum ut aut amet quo quia. Deserunt soluta expedita aut esse.','1983-08-10 07:53:20'),
('82','82','82','Dicta omnis sed omnis quae qui voluptate aut. Voluptatem aut harum iste earum quam sint. Fuga fugiat soluta nisi deserunt incidunt. Molestias consectetur a itaque nesciunt. Voluptatem neque perspiciatis consequuntur quia.','1989-08-02 21:43:10'),
('83','83','83','Odio facere asperiores quia saepe enim dicta. Tenetur id culpa ullam temporibus. Incidunt recusandae necessitatibus unde ut optio ipsa recusandae blanditiis.','1972-03-05 20:20:38'),
('84','84','84','Voluptatem et esse quia vel beatae nisi assumenda. Consequatur accusantium rerum aliquid rem quis. Sed labore rerum optio sint non culpa. Occaecati delectus sed consequatur nihil.','1979-01-27 01:39:26'),
('85','85','85','Consequatur distinctio rerum soluta rerum quia odio. Possimus odio distinctio explicabo dolore fuga ducimus nostrum.','1985-07-13 16:07:07'),
('86','86','86','Saepe doloribus sit illo quisquam amet quo. Ratione rem beatae quo quam veritatis quia. Assumenda quasi et porro recusandae labore. Nihil ut dignissimos non tempora aliquid.','2003-05-09 22:57:13'),
('87','87','87','Ut reprehenderit voluptatem minima et magni. Velit veritatis ducimus quaerat nemo corrupti repudiandae qui. Recusandae magnam et odio rem.','1981-10-11 00:27:21'),
('88','88','88','Placeat assumenda reprehenderit aperiam corporis at eos et. Explicabo optio ut libero. Ea minima qui est itaque molestiae deleniti. Quis quis aut nihil aperiam. Officia et iste quo sed qui velit.','1977-05-08 07:03:19'),
('89','89','89','Et ut impedit ipsum laboriosam. Aut accusantium nemo eveniet earum. Explicabo eligendi corrupti est quam cumque ad aspernatur.','1973-03-09 07:14:13'),
('90','90','90','Hic praesentium exercitationem laboriosam voluptatibus laborum. Tenetur ex veritatis quia doloribus libero.','2005-04-20 13:22:59'),
('91','91','91','Consequatur velit similique non vel aut veniam aperiam. Deleniti optio voluptates necessitatibus ea nulla distinctio. Quis dolor sint sint nam vel. Doloribus exercitationem ut ea qui earum et.','1989-11-13 09:09:08'),
('92','92','92','Et et quis dolor facilis. Cumque consequatur et tempore facilis voluptates. Voluptatem minima occaecati quidem laboriosam sed aut asperiores.','2017-09-03 11:09:24'),
('93','93','93','Voluptatum praesentium dolore sit consequuntur vero aut. Error eligendi aut facere corrupti aut. Ut soluta et est ut. Corrupti perferendis quam sint autem.','1999-02-13 18:45:44'),
('94','94','94','Amet vitae amet veniam cumque natus. Consequatur adipisci minima et omnis. Sunt dolorem aut labore illo. Dolorem quia vero ad et.','1989-11-24 17:36:17'),
('95','95','95','Praesentium vero quia et ut quis rerum aspernatur. Corporis asperiores perferendis cupiditate consequatur qui. Debitis corporis omnis vero quia qui omnis. Saepe saepe pariatur voluptas ab.','1976-08-05 10:41:12'),
('96','96','96','In eos blanditiis atque sed. Veniam eos iure animi debitis. At natus qui labore sapiente perspiciatis. Quos ipsa velit eos corrupti unde.','2010-04-25 10:39:26'),
('97','97','97','Itaque quibusdam fugit placeat. Ut dolores et neque. Velit deleniti dolorem odio quis quia accusamus. Culpa et voluptatem sed quibusdam maiores rerum itaque. Rerum quae ex et alias totam aut doloremque.','2009-04-27 21:20:12'),
('98','98','98','Sunt perferendis nostrum nostrum. Doloremque ex totam aut. Blanditiis velit quaerat et sed ipsam. Aut qui rerum dolorem reprehenderit laboriosam ipsam provident.','2004-12-15 15:56:22'),
('99','99','99','A occaecati eum sed est consequatur accusamus perferendis non. Ut atque aperiam earum corporis tempore. Numquam nihil quo qui beatae sequi ad. Quia natus sunt facilis corporis id consequuntur non.','1982-09-27 07:27:09'),
('100','100','100','Non rem omnis nobis vel eum et. Tempore rerum qui fugiat sapiente architecto esse est unde. Labore dolores velit cum voluptas amet.','2019-01-04 05:38:19'); 


DROP TABLE IF EXISTS `music`;
CREATE TABLE `music` (
  `id` bigint(20) unsigned NOT NULL AUTO_INCREMENT,
  `filename` varchar(100) COLLATE utf8_unicode_ci DEFAULT NULL,
  `user_id` bigint(20) unsigned NOT NULL,
  `media_type_id` bigint(20) unsigned NOT NULL,
  `size` int(11) DEFAULT NULL,
  PRIMARY KEY (`id`),
  KEY `id` (`id`),
  KEY `filename` (`filename`),
  KEY `user_id` (`user_id`),
  KEY `media_type_id` (`media_type_id`),
  CONSTRAINT `music_ibfk_1` FOREIGN KEY (`user_id`) REFERENCES `users` (`id`),
  CONSTRAINT `music_ibfk_2` FOREIGN KEY (`media_type_id`) REFERENCES `media_types` (`id`)
) ENGINE=InnoDB AUTO_INCREMENT=101 DEFAULT CHARSET=utf8 COLLATE=utf8_unicode_ci;

INSERT INTO `music` VALUES ('1','recusandae','1','1','4'),
('2','illum','2','2','5603356'),
('3','ipsa','3','3','472'),
('4','voluptas','4','4','533'),
('5','expedita','5','5','1711'),
('6','numquam','6','1','3293369'),
('7','libero','7','2','13167'),
('8','ratione','8','3','0'),
('9','consequatur','9','4','10'),
('10','qui','10','5','874444175'),
('11','omnis','11','1','58140'),
('12','quibusdam','12','2','9799'),
('13','rem','13','3','9'),
('14','reiciendis','14','4','76523'),
('15','voluptatem','15','5','42096'),
('16','repellendus','16','1','838755667'),
('17','libero','17','2','944'),
('18','aut','18','3','52947'),
('19','sunt','19','4','2669'),
('20','et','20','5','2505'),
('21','voluptatibus','21','1','1349378'),
('22','in','22','2','96491'),
('23','illo','23','3','52614'),
('24','dolor','24','4','0'),
('25','esse','25','5','27442433'),
('26','error','26','1','4554'),
('27','aliquam','27','2','68326'),
('28','rem','28','3','74481833'),
('29','dolor','29','4','0'),
('30','vel','30','5','8'),
('31','iusto','31','1','212696'),
('32','dolores','32','2','957'),
('33','ea','33','3','0'),
('34','sed','34','4','1168'),
('35','sint','35','5','91138460'),
('36','ullam','36','1','98638475'),
('37','dolore','37','2','349829056'),
('38','ut','38','3','274936'),
('39','quam','39','4','1'),
('40','nemo','40','5','0'),
('41','quaerat','41','1','79893230'),
('42','autem','42','2','6206807'),
('43','veniam','43','3','58676106'),
('44','sequi','44','4','41145719'),
('45','porro','45','5','2061184'),
('46','omnis','46','1','891339'),
('47','eius','47','2','7669814'),
('48','culpa','48','3','79444718'),
('49','similique','49','4','5'),
('50','laboriosam','50','5','17008'),
('51','et','51','1','6'),
('52','nesciunt','52','2','4773'),
('53','laborum','53','3','226662999'),
('54','ullam','54','4','6915'),
('55','sed','55','5','0'),
('56','ut','56','1','522746998'),
('57','incidunt','57','2','26462'),
('58','voluptatem','58','3','38'),
('59','hic','59','4','0'),
('60','rerum','60','5','7127'),
('61','vero','61','1','35'),
('62','sapiente','62','2','36'),
('63','reiciendis','63','3','401571'),
('64','est','64','4','1'),
('65','voluptas','65','5','522346816'),
('66','animi','66','1','724240'),
('67','eum','67','2','568437113'),
('68','quasi','68','3','433335398'),
('69','sed','69','4','262738'),
('70','voluptas','70','5','995'),
('71','delectus','71','1','0'),
('72','nesciunt','72','2','44168'),
('73','est','73','3','725'),
('74','veritatis','74','4','423'),
('75','at','75','5','919'),
('76','quia','76','1','5467848'),
('77','dolor','77','2','29255'),
('78','qui','78','3','90049044'),
('79','qui','79','4','4704858'),
('80','asperiores','80','5','10281543'),
('81','voluptas','81','1','174389021'),
('82','non','82','2','814033397'),
('83','dolorem','83','3','93'),
('84','facilis','84','4','77'),
('85','quas','85','5','80'),
('86','in','86','1','4868'),
('87','quidem','87','2','49'),
('88','pariatur','88','3','846832'),
('89','sit','89','4','406593463'),
('90','ut','90','5','650912'),
('91','ex','91','1','944297'),
('92','totam','92','2','853994'),
('93','accusantium','93','3','9248'),
('94','odit','94','4','6322'),
('95','ea','95','5','48'),
('96','voluptates','96','1','86'),
('97','quis','97','2','286300'),
('98','in','98','3','863004'),
('99','iste','99','4','702422209'),
('100','in','100','5','42'); 


DROP TABLE IF EXISTS `news`;
CREATE TABLE `news` (
  `id` bigint(20) unsigned NOT NULL AUTO_INCREMENT,
  `media_id` bigint(20) unsigned NOT NULL,
  `user_id` bigint(20) unsigned NOT NULL,
  `like_id` bigint(20) unsigned NOT NULL,
  `community_id` bigint(20) unsigned NOT NULL,
  PRIMARY KEY (`id`),
  KEY `post_by_user_id` (`user_id`),
  KEY `post_by_group` (`community_id`),
  KEY `who_likes_post` (`like_id`),
  KEY `media_id` (`media_id`),
  CONSTRAINT `news_ibfk_1` FOREIGN KEY (`media_id`) REFERENCES `media` (`id`),
  CONSTRAINT `news_ibfk_2` FOREIGN KEY (`user_id`) REFERENCES `users` (`id`),
  CONSTRAINT `news_ibfk_3` FOREIGN KEY (`like_id`) REFERENCES `likes` (`id`)
) ENGINE=InnoDB AUTO_INCREMENT=101 DEFAULT CHARSET=utf8 COLLATE=utf8_unicode_ci;

INSERT INTO `news` VALUES ('1','1','1','1','1'),
('2','2','2','2','2'),
('3','3','3','3','3'),
('4','4','4','4','4'),
('5','5','5','5','5'),
('6','6','6','6','6'),
('7','7','7','7','7'),
('8','8','8','8','8'),
('9','9','9','9','9'),
('10','10','10','10','10'),
('11','11','11','1','11'),
('12','12','12','2','12'),
('13','13','13','3','13'),
('14','14','14','4','14'),
('15','15','15','5','15'),
('16','16','16','6','16'),
('17','17','17','7','17'),
('18','18','18','8','18'),
('19','19','19','9','19'),
('20','20','20','10','20'),
('21','21','21','1','21'),
('22','22','22','2','22'),
('23','23','23','3','23'),
('24','24','24','4','24'),
('25','25','25','5','25'),
('26','26','26','6','26'),
('27','27','27','7','27'),
('28','28','28','8','28'),
('29','29','29','9','29'),
('30','30','30','10','30'),
('31','1','31','1','31'),
('32','2','32','2','32'),
('33','3','33','3','33'),
('34','4','34','4','34'),
('35','5','35','5','35'),
('36','6','36','6','36'),
('37','7','37','7','37'),
('38','8','38','8','38'),
('39','9','39','9','39'),
('40','10','40','10','40'),
('41','11','41','1','41'),
('42','12','42','2','42'),
('43','13','43','3','43'),
('44','14','44','4','44'),
('45','15','45','5','45'),
('46','16','46','6','46'),
('47','17','47','7','47'),
('48','18','48','8','48'),
('49','19','49','9','49'),
('50','20','50','10','50'),
('51','21','51','1','1'),
('52','22','52','2','2'),
('53','23','53','3','3'),
('54','24','54','4','4'),
('55','25','55','5','5'),
('56','26','56','6','6'),
('57','27','57','7','7'),
('58','28','58','8','8'),
('59','29','59','9','9'),
('60','30','60','10','10'),
('61','1','61','1','11'),
('62','2','62','2','12'),
('63','3','63','3','13'),
('64','4','64','4','14'),
('65','5','65','5','15'),
('66','6','66','6','16'),
('67','7','67','7','17'),
('68','8','68','8','18'),
('69','9','69','9','19'),
('70','10','70','10','20'),
('71','11','71','1','21'),
('72','12','72','2','22'),
('73','13','73','3','23'),
('74','14','74','4','24'),
('75','15','75','5','25'),
('76','16','76','6','26'),
('77','17','77','7','27'),
('78','18','78','8','28'),
('79','19','79','9','29'),
('80','20','80','10','30'),
('81','21','81','1','31'),
('82','22','82','2','32'),
('83','23','83','3','33'),
('84','24','84','4','34'),
('85','25','85','5','35'),
('86','26','86','6','36'),
('87','27','87','7','37'),
('88','28','88','8','38'),
('89','29','89','9','39'),
('90','30','90','10','40'),
('91','1','91','1','41'),
('92','2','92','2','42'),
('93','3','93','3','43'),
('94','4','94','4','44'),
('95','5','95','5','45'),
('96','6','96','6','46'),
('97','7','97','7','47'),
('98','8','98','8','48'),
('99','9','99','9','49'),
('100','10','100','10','50'); 


DROP TABLE IF EXISTS `photo_albums`;
CREATE TABLE `photo_albums` (
  `id` bigint(20) unsigned NOT NULL AUTO_INCREMENT,
  `name` varchar(255) COLLATE utf8_unicode_ci DEFAULT NULL,
  `user_id` bigint(20) unsigned DEFAULT NULL,
  PRIMARY KEY (`id`),
  UNIQUE KEY `id` (`id`),
  KEY `user_id` (`user_id`),
  CONSTRAINT `photo_albums_ibfk_1` FOREIGN KEY (`user_id`) REFERENCES `users` (`id`)
) ENGINE=InnoDB AUTO_INCREMENT=6 DEFAULT CHARSET=utf8 COLLATE=utf8_unicode_ci;

INSERT INTO `photo_albums` VALUES ('1','consequuntur','1'),
('2','sit','2'),
('3','assumenda','3'),
('4','recusandae','4'),
('5','nihil','5'); 


DROP TABLE IF EXISTS `photos`;
CREATE TABLE `photos` (
  `id` bigint(20) unsigned NOT NULL AUTO_INCREMENT,
  `album_id` bigint(20) unsigned NOT NULL,
  `media_id` bigint(20) unsigned NOT NULL,
  PRIMARY KEY (`id`),
  KEY `album_id` (`album_id`),
  KEY `media_id` (`media_id`),
  CONSTRAINT `photos_ibfk_1` FOREIGN KEY (`album_id`) REFERENCES `photo_albums` (`id`),
  CONSTRAINT `photos_ibfk_2` FOREIGN KEY (`media_id`) REFERENCES `media` (`id`)
) ENGINE=InnoDB AUTO_INCREMENT=29 DEFAULT CHARSET=utf8 COLLATE=utf8_unicode_ci;

INSERT INTO `photos` VALUES ('1','1','1'),
('2','2','2'),
('3','3','3'),
('4','4','4'),
('5','5','5'),
('6','1','6'),
('7','2','7'),
('8','3','8'),
('9','4','9'),
('10','5','10'),
('11','1','11'),
('12','2','12'),
('13','3','13'),
('14','4','14'),
('15','5','15'),
('16','1','16'),
('17','2','17'),
('18','3','18'),
('19','4','19'),
('20','5','20'),
('21','1','21'),
('22','2','22'),
('23','3','23'),
('24','4','24'),
('25','5','25'),
('26','1','26'),
('27','2','27'),
('28','3','28'); 


DROP TABLE IF EXISTS `profiles`;
CREATE TABLE `profiles` (
  `user_id` bigint(20) unsigned NOT NULL AUTO_INCREMENT,
  `gender` char(1) COLLATE utf8_unicode_ci DEFAULT NULL,
  `birthday` date DEFAULT NULL,
  `photo_id` bigint(20) unsigned DEFAULT NULL,
  `created_at` datetime DEFAULT current_timestamp(),
  `hometown` varchar(100) COLLATE utf8_unicode_ci DEFAULT NULL,
  PRIMARY KEY (`user_id`),
  CONSTRAINT `profiles_ibfk_1` FOREIGN KEY (`user_id`) REFERENCES `users` (`id`) ON UPDATE CASCADE
) ENGINE=InnoDB AUTO_INCREMENT=101 DEFAULT CHARSET=utf8 COLLATE=utf8_unicode_ci;

INSERT INTO `profiles` VALUES ('1',NULL,'2003-10-16','1','1976-10-17 15:04:59',NULL),
('2',NULL,'2011-08-06','2','2009-12-27 08:14:19',NULL),
('3',NULL,'2003-03-02','3','1984-06-08 18:28:59',NULL),
('4',NULL,'2004-02-10','4','2017-03-03 14:20:34',NULL),
('5',NULL,'1976-10-22','5','1995-11-24 09:04:20',NULL),
('6',NULL,'1985-11-30','6','2003-04-14 17:43:40',NULL),
('7',NULL,'1981-01-08','7','2013-10-18 23:01:56',NULL),
('8',NULL,'1972-05-26','8','1985-07-25 23:41:37',NULL),
('9',NULL,'1992-11-26','9','2006-05-18 15:26:43',NULL),
('10',NULL,'2005-08-21','10','1975-04-22 21:36:07',NULL),
('11',NULL,'1995-04-08','11','2001-07-13 05:04:39',NULL),
('12',NULL,'2001-09-15','12','2017-09-19 20:33:32',NULL),
('13',NULL,'1974-05-05','13','1970-10-05 00:29:10',NULL),
('14',NULL,'2009-01-25','14','2012-02-07 18:36:45',NULL),
('15',NULL,'1979-08-31','15','2011-01-09 09:42:39',NULL),
('16',NULL,'1984-12-10','16','1974-03-23 20:17:44',NULL),
('17',NULL,'2018-09-13','17','2001-09-08 01:14:38',NULL),
('18',NULL,'1973-10-14','18','2012-10-04 01:06:26',NULL),
('19',NULL,'1986-07-24','19','1995-10-20 00:17:29',NULL),
('20',NULL,'1995-11-26','20','1984-10-13 05:46:08',NULL),
('21',NULL,'2004-07-28','21','1996-11-19 09:07:30',NULL),
('22',NULL,'2011-08-07','22','1990-01-04 02:11:34',NULL),
('23',NULL,'1974-06-10','23','1972-08-05 05:34:47',NULL),
('24',NULL,'2018-10-25','24','2018-11-08 14:10:39',NULL),
('25',NULL,'2003-03-03','25','1979-07-24 19:46:43',NULL),
('26',NULL,'1984-12-11','26','2012-10-08 13:55:05',NULL),
('27',NULL,'1998-03-23','27','1971-11-05 22:22:03',NULL),
('28',NULL,'2002-06-19','28','2018-09-12 17:58:28',NULL),
('29',NULL,'1987-01-01','1','1988-09-29 22:45:11',NULL),
('30',NULL,'2006-05-03','2','1987-08-17 22:33:01',NULL),
('31',NULL,'1988-05-28','3','1970-07-08 18:29:54',NULL),
('32',NULL,'1983-11-08','4','2008-09-30 22:02:32',NULL),
('33',NULL,'1973-03-04','5','1990-06-10 16:06:30',NULL),
('34',NULL,'2019-07-24','6','1994-11-27 05:18:31',NULL),
('35',NULL,'2005-08-03','7','1999-11-13 09:22:17',NULL),
('36',NULL,'2013-12-30','8','2000-09-10 19:47:25',NULL),
('37',NULL,'1982-12-18','9','1977-06-28 15:00:55',NULL),
('38',NULL,'1997-04-07','10','1994-07-13 04:20:58',NULL),
('39',NULL,'2010-12-31','11','2018-12-19 14:27:56',NULL),
('40',NULL,'1979-03-22','12','1977-12-19 15:14:08',NULL),
('41',NULL,'1973-05-28','13','1988-05-05 03:20:35',NULL),
('42',NULL,'1996-08-27','14','2019-10-13 13:38:33',NULL),
('43',NULL,'1993-10-14','15','2009-10-07 19:59:24',NULL),
('44',NULL,'2011-10-05','16','2019-04-01 22:19:37',NULL),
('45',NULL,'1978-08-21','17','2002-02-13 09:32:24',NULL),
('46',NULL,'1987-07-12','18','1999-10-26 07:14:33',NULL),
('47',NULL,'2000-07-11','19','1987-03-04 23:28:16',NULL),
('48',NULL,'2005-10-12','20','1995-12-20 15:44:36',NULL),
('49',NULL,'1977-02-07','21','1972-07-18 13:36:16',NULL),
('50',NULL,'2016-07-29','22','1971-11-28 08:37:25',NULL),
('51',NULL,'2015-03-25','23','2000-02-07 10:01:54',NULL),
('52',NULL,'2008-06-13','24','1976-02-18 02:54:40',NULL),
('53',NULL,'1971-04-17','25','1982-11-23 21:07:14',NULL),
('54',NULL,'2011-06-26','26','1986-08-12 03:09:43',NULL),
('55',NULL,'1998-09-23','27','2015-11-02 01:25:58',NULL),
('56',NULL,'1991-10-23','28','1980-11-02 09:04:51',NULL),
('57',NULL,'1980-06-28','1','1995-12-14 07:42:19',NULL),
('58',NULL,'2009-05-25','2','2003-12-06 03:57:16',NULL),
('59',NULL,'2017-10-03','3','1983-05-09 01:06:16',NULL),
('60',NULL,'2010-09-09','4','1996-10-04 11:24:44',NULL),
('61',NULL,'1995-10-12','5','1977-12-25 08:28:56',NULL),
('62',NULL,'2007-09-26','6','1979-01-04 18:44:31',NULL),
('63',NULL,'2001-05-01','7','1990-09-17 11:36:08',NULL),
('64',NULL,'2009-09-12','8','2011-01-26 20:37:34',NULL),
('65',NULL,'1977-03-09','9','1996-01-29 17:17:59',NULL),
('66',NULL,'2006-06-10','10','2001-01-13 15:13:33',NULL),
('67',NULL,'2008-11-14','11','2003-08-24 02:32:41',NULL),
('68',NULL,'2012-12-19','12','2016-04-11 01:53:45',NULL),
('69',NULL,'1977-11-23','13','1988-12-30 23:36:33',NULL),
('70',NULL,'2004-08-27','14','1982-11-24 09:31:58',NULL),
('71',NULL,'1978-02-27','15','1998-07-17 20:30:33',NULL),
('72',NULL,'1973-04-12','16','1977-10-28 21:17:18',NULL),
('73',NULL,'1999-10-08','17','2005-07-22 19:22:13',NULL),
('74',NULL,'1974-09-18','18','2007-07-11 01:09:55',NULL),
('75',NULL,'1981-04-29','19','1975-07-31 05:31:35',NULL),
('76',NULL,'2001-10-18','20','1984-07-03 13:30:34',NULL),
('77',NULL,'1989-01-08','21','1998-11-07 15:52:26',NULL),
('78',NULL,'1999-07-07','22','2015-01-01 00:32:52',NULL),
('79',NULL,'1980-11-24','23','1993-08-16 18:15:58',NULL),
('80',NULL,'1971-06-10','24','1990-03-28 22:32:37',NULL),
('81',NULL,'1973-04-09','25','2007-08-26 02:15:37',NULL),
('82',NULL,'2017-08-30','26','2004-05-25 20:01:24',NULL),
('83',NULL,'2006-04-21','27','1978-10-26 04:19:18',NULL),
('84',NULL,'1994-02-10','28','2014-01-24 02:17:33',NULL),
('85',NULL,'1998-08-21','1','2018-03-28 07:30:36',NULL),
('86',NULL,'1985-11-04','2','2007-12-02 06:56:33',NULL),
('87',NULL,'1974-04-11','3','2000-04-27 07:51:37',NULL),
('88',NULL,'1970-06-08','4','1975-08-13 13:33:05',NULL),
('89',NULL,'2012-12-24','5','2013-09-08 06:52:43',NULL),
('90',NULL,'2004-02-09','6','1978-03-13 02:21:39',NULL),
('91',NULL,'1982-01-28','7','1998-03-08 03:24:38',NULL),
('92',NULL,'1977-01-30','8','2010-06-28 04:16:21',NULL),
('93',NULL,'1984-04-19','9','1995-09-11 16:34:12',NULL),
('94',NULL,'1991-04-03','10','1989-10-19 05:02:03',NULL),
('95',NULL,'2013-05-25','11','1992-02-18 19:19:55',NULL),
('96',NULL,'2010-03-15','12','1986-03-30 05:27:26',NULL),
('97',NULL,'1980-01-26','13','1974-02-03 21:21:49',NULL),
('98',NULL,'1994-11-16','14','2001-08-16 09:29:10',NULL),
('99',NULL,'1988-10-06','15','1995-02-20 08:56:11',NULL),
('100',NULL,'1988-09-03','16','1995-03-28 17:15:04',NULL); 


DROP TABLE IF EXISTS `users`;
CREATE TABLE `users` (
  `id` bigint(20) unsigned NOT NULL AUTO_INCREMENT,
  `firstname` varchar(50) COLLATE utf8_unicode_ci DEFAULT NULL,
  `lastname` varchar(50) COLLATE utf8_unicode_ci DEFAULT NULL COMMENT 'Фамиль',
  `email` varchar(120) COLLATE utf8_unicode_ci DEFAULT NULL,
  `phone` bigint(20) DEFAULT NULL,
  PRIMARY KEY (`id`),
  UNIQUE KEY `email` (`email`),
  KEY `users_phone_idx` (`phone`),
  KEY `users_firstname_lastname_idx` (`firstname`,`lastname`)
) ENGINE=InnoDB AUTO_INCREMENT=101 DEFAULT CHARSET=utf8 COLLATE=utf8_unicode_ci;

INSERT INTO `users` VALUES ('1','Sadie','Dietrich','wuckert.eldred@example.org','71770'),
('2','Louvenia','Bernier','ymraz@example.net','618'),
('3','Adam','Bogisich','reinhold42@example.com','509623'),
('4','Rosie','Lebsack','morissette.demond@example.com','1'),
('5','Tyra','Beatty','kellen07@example.net','0'),
('6','Carolanne','Bechtelar','johathan54@example.net','0'),
('7','Candida','Runte','welch.deven@example.net','423'),
('8','Shana','Johnston','solon54@example.org','1'),
('9','Charlene','Langosh','fletcher.ondricka@example.com','0'),
('10','Kaylah','Hoeger','dmarvin@example.org','70'),
('11','Kiera','Emard','stroman.sylvester@example.org','970059'),
('12','Kariane','Bruen','crona.jairo@example.org','6456383988'),
('13','Kacey','Macejkovic','torp.ryann@example.net','2903302199'),
('14','Emelie','Wolff','ernie65@example.org','1'),
('15','Maye','Ondricka','benny.treutel@example.org','1'),
('16','Heloise','Donnelly','rharber@example.net','0'),
('17','Albina','Mohr','casper.alivia@example.net','388023'),
('18','Kraig','Gislason','orussel@example.com','1'),
('19','Nelson','Vandervort','callie.senger@example.com','720'),
('20','Elenora','McGlynn','barrows.dessie@example.net','39'),
('21','Anjali','Price','jade78@example.net','290'),
('22','Ana','Steuber','strosin.christian@example.com','346'),
('23','Newell','Bartell','tara.mills@example.org','1'),
('24','Lazaro','Watsica','brain.paucek@example.org','483387'),
('25','Providenci','Kerluke','dcorwin@example.com','765'),
('26','Lukas','Johnson','cronin.felicity@example.com','358'),
('27','Raul','Maggio','pjacobi@example.com','714937'),
('28','Shirley','Boehm','uledner@example.net','1'),
('29','Oswaldo','Mertz','ibeatty@example.net','1'),
('30','Donato','Jacobson','marcel.nolan@example.com','1'),
('31','Victor','Ebert','aliyah18@example.org','0'),
('32','Theodore','Franecki','lebsack.maybell@example.org','0'),
('33','Josiane','Gislason','giovanni.hyatt@example.com','1'),
('34','Roscoe','Kling','mosciski.hosea@example.org','1'),
('35','Leopoldo','Stehr','newton83@example.net','89133'),
('36','Kim','Keebler','hirthe.roselyn@example.net','269181'),
('37','Aniya','Franecki','beier.garth@example.com','0'),
('38','Elroy','Senger','bmitchell@example.net','156487'),
('39','Dalton','Skiles','spfannerstill@example.net','0'),
('40','Bill','Stroman','considine.samanta@example.com','234'),
('41','Eugene','Kemmer','selina.bernhard@example.net','0'),
('42','Ronny','Hansen','udickinson@example.com','167284'),
('43','Rita','Prosacco','jsawayn@example.com','1'),
('44','Clair','Conroy','denesik.judson@example.org','564'),
('45','Andre','Feil','harry52@example.org','85'),
('46','Allen','Hauck','omckenzie@example.org','160'),
('47','Vesta','Wolff','celestine27@example.net','557987'),
('48','Lenora','Hayes','jaqueline60@example.org','1'),
('49','Audrey','Gutmann','ole24@example.net','1'),
('50','Etha','Langosh','runte.ocie@example.org','0'),
('51','Tina','Ratke','ava28@example.org','71'),
('52','Cleve','Robel','tparisian@example.org','0'),
('53','Beverly','Dooley','hboyle@example.org','815959'),
('54','Melvin','Becker','arohan@example.net','430'),
('55','Monserrat','Reichel','windler.otis@example.org','0'),
('56','Mariane','Murazik','marco76@example.com','453005'),
('57','Alex','Schumm','wintheiser.leone@example.com','275722'),
('58','Tania','Johnson','craig64@example.org','124'),
('59','Karolann','Altenwerth','devon.ernser@example.com','0'),
('60','Taylor','Kertzmann','lchristiansen@example.com','45'),
('61','Reuben','Bruen','juanita82@example.net','1'),
('62','Jo','Carroll','markus.smith@example.com','387796'),
('63','Stacey','Lockman','douglas.levi@example.org','1'),
('64','Yvette','Corwin','felipa.windler@example.org','211'),
('65','Annamae','Gislason','mariano.schuster@example.com','777'),
('66','Mia','Brekke','schumm.rosario@example.net','0'),
('67','Brayan','Erdman','gerhold.dalton@example.org','1'),
('68','Bobbie','Rosenbaum','joyce.hauck@example.org','709'),
('69','Dewayne','Brakus','plarson@example.com','609920'),
('70','Hollis','Simonis','jfritsch@example.com','8991508072'),
('71','Roselyn','Huel','nathen.ondricka@example.net','250'),
('72','Wade','Schiller','botsford.carmella@example.org','1'),
('73','Lilliana','Larson','marquardt.bobbie@example.net','573'),
('74','Edmund','Mayer','kamryn51@example.com','0'),
('75','Angie','Berge','alyce21@example.com','0'),
('76','Miracle','Renner','bradtke.brittany@example.org','1'),
('77','Helmer','Quigley','hcorkery@example.net','0'),
('78','Jeanette','Hilll','torrance.erdman@example.com','1'),
('79','Chris','Smith','koelpin.rick@example.com','0'),
('80','Kristopher','Berge','alf.mills@example.com','1630294529'),
('81','Breana','Russel','zlueilwitz@example.net','848350'),
('82','Korey','Brakus','zula75@example.net','669628'),
('83','Krystina','Yundt','daugherty.arielle@example.com','0'),
('84','Vernon','Barrows','charlie.nolan@example.com','1'),
('85','Obie','Waelchi','america.mueller@example.com','0'),
('86','Kylie','Bayer','hstroman@example.net','1'),
('87','Tamara','Hudson','xkunze@example.org','631667'),
('88','Kenya','Hegmann','kherman@example.net','1'),
('89','Tessie','Bradtke','alex.stanton@example.net','8'),
('90','Thomas','Harvey','orlo.cassin@example.com','1'),
('91','Carleton','Mayert','qcassin@example.org','1454050537'),
('92','Tremayne','Toy','gregorio85@example.net','0'),
('93','Ebony','Cole','bradly58@example.org','0'),
('94','Johann','McClure','vthompson@example.net','0'),
('95','Gabriella','Nader','nschultz@example.org','289901'),
('96','Shane','Huel','sryan@example.org','0'),
('97','Brook','Zulauf','minerva.bergstrom@example.com','1'),
('98','Lacy','Monahan','glover.americo@example.org','0'),
('99','Benjamin','Brown','gbrekke@example.net','1'),
('100','Ubaldo','Schaden','keith65@example.com','4368823555'); 


DROP TABLE IF EXISTS `users_communities`;
CREATE TABLE `users_communities` (
  `user_id` bigint(20) unsigned NOT NULL,
  `community_id` bigint(20) unsigned NOT NULL,
  PRIMARY KEY (`user_id`,`community_id`),
  KEY `community_id` (`community_id`),
  CONSTRAINT `users_communities_ibfk_1` FOREIGN KEY (`user_id`) REFERENCES `users` (`id`),
  CONSTRAINT `users_communities_ibfk_2` FOREIGN KEY (`community_id`) REFERENCES `communities` (`id`)
) ENGINE=InnoDB DEFAULT CHARSET=utf8 COLLATE=utf8_unicode_ci;

INSERT INTO `users_communities` VALUES ('1','1'),
('2','2'),
('3','3'),
('4','4'),
('5','5'),
('6','6'),
('7','7'),
('8','8'),
('9','9'),
('10','10'),
('11','11'),
('12','12'),
('13','13'),
('14','14'),
('15','15'),
('16','16'),
('17','17'),
('18','18'),
('19','19'),
('20','20'); 


DROP TABLE IF EXISTS `video`;
CREATE TABLE `video` (
  `id` bigint(20) unsigned NOT NULL AUTO_INCREMENT,
  `filename` varchar(100) COLLATE utf8_unicode_ci DEFAULT NULL,
  `user_id` bigint(20) unsigned NOT NULL,
  `media_type_id` bigint(20) unsigned NOT NULL,
  `size` int(11) DEFAULT NULL,
  PRIMARY KEY (`id`),
  KEY `id` (`id`),
  KEY `filename` (`filename`),
  KEY `user_id` (`user_id`),
  KEY `media_type_id` (`media_type_id`),
  CONSTRAINT `video_ibfk_1` FOREIGN KEY (`user_id`) REFERENCES `users` (`id`),
  CONSTRAINT `video_ibfk_2` FOREIGN KEY (`media_type_id`) REFERENCES `media_types` (`id`)
) ENGINE=InnoDB AUTO_INCREMENT=11 DEFAULT CHARSET=utf8 COLLATE=utf8_unicode_ci;

INSERT INTO `video` VALUES ('1','qui','1','1','13225447'),
('2','qui','2','2','91043670'),
('3','aliquid','3','3','0'),
('4','deserunt','4','4','537'),
('5','alias','5','5','44036'),
('6','eius','6','1','4'),
('7','quas','7','2','98'),
('8','mollitia','8','3','433109373'),
('9','enim','9','4','3628268'),
('10','molestias','10','5','60'); 




/*!40101 SET SQL_MODE=@OLD_SQL_MODE */;
/*!40014 SET FOREIGN_KEY_CHECKS=@OLD_FOREIGN_KEY_CHECKS */;
/*!40014 SET UNIQUE_CHECKS=@OLD_UNIQUE_CHECKS */;
/*!40101 SET CHARACTER_SET_CLIENT=@OLD_CHARACTER_SET_CLIENT */;
/*!40101 SET CHARACTER_SET_RESULTS=@OLD_CHARACTER_SET_RESULTS */;
/*!40101 SET COLLATION_CONNECTION=@OLD_COLLATION_CONNECTION */;
/*!40111 SET SQL_NOTES=@OLD_SQL_NOTES */;